case_history_id,category,classification_sources,evidence
bza-01-22-5580a4e30b,administrative_or_community_appeal,direct,"[""appeals shall hear and decide appeals from and review any order, requirement, decision, or determination"", ""appeals the decision""]"
bza-01-23-b0171819a2,administrative_or_community_appeal,direct,"[""appeals shall hear and decide appeals from and review any order, requirement, decision, or determination"", ""appeals the decision""]"
bza-03-23-cdc3a2629c,administrative_or_community_appeal,direct,"[""appeals shall hear and decide appeals from and review any order, requirement, decision, or determination"", ""appeals the decision""]"
bza-04-21-d519a3c5a2,administrative_or_community_appeal,direct,"[""appeals shall hear and decide appeals from and review any order, requirement, decision, or determination"", ""appeals the decision""]"
bza-06-23-06ef82a262,administrative_or_community_appeal,direct,"[""appeals shall hear and decide appeals from and review any order, requirement, decision, or determination"", ""appeals the decision""]"
bza-10-20-4e6d17ae69,administrative_or_community_appeal,direct,"[""appeals shall hear and decide appeals from and review any order, requirement, decision, or determination""]"
bza-100-19-fe808d91c8,administrative_or_community_appeal,direct,"[""appeal the bseed denial"", ""appeals of administrative decision and 50-3-281 general approval"", ""appeals shall hear and decide appeals from and review any order, requirement, decision, or determination""]"
bza-106-17-de942bc315,administrative_or_community_appeal,direct,"[""appeals the decision""]"
bza-107-19-7c49964699,administrative_or_community_appeal,direct,"[""appeals the decision""]"
bza-108-19-9b26eee3a4,administrative_or_community_appeal,direct,"[""appeals shall hear and decide appeals from and review any order, requirement, decision, or determination"", ""appeals within fourteen (14) days of the date of the department’s decision""]"
bza-109-19-877243d9d6,administrative_or_community_appeal,direct,"[""appeals shall hear and decide appeals from and review any order, requirement, decision, or determination"", ""appeals the decision""]"
bza-11-22-50abfc40df,administrative_or_community_appeal,direct,"[""appeals will be required to waive the deficient parking. ( - permitted dimensional variances and 50-4-121 approval""]"
bza-116-17-28da9b4180,administrative_or_community_appeal,direct,"[""appeals the decision"", ""appeals, 61-3-354 conditional uses; procedures; waivers; public nuisance and 61-3-231 general approval""]"
bza-12-20-f9060d3522,administrative_or_community_appeal,direct,"[""appeals shall hear and decide appeals from and review any order, requirement, decision, or determination"", ""appeals the decision""]"
bza-14-17-07ea6a1a53,administrative_or_community_appeal,direct,"[""appeal of the revised decision""]"
bza-14-24-3f7d9a8551,administrative_or_community_appeal,direct,"[""appeals shall hear and decide appeals from and review any order, requirement, decision, or determination"", ""appeals the decision""]"
bza-15-19-dccd43859a,administrative_or_community_appeal,direct,"[""appeals shall hear and decide appeals from and review any order, requirement, decision, or determination"", ""appeals the decision""]"
bza-16-19-80a654a895,administrative_or_community_appeal,direct,"[""appealed because applicability. and 61-4-81 approval""]"
bza-16-23-d69ef06e72,administrative_or_community_appeal,direct,"[""appeals shall hear and decide appeals from and review any order, requirement, decision, or determination"", ""appeals the decision""]"
bza-17-19-f5959a3b07,administrative_or_community_appeal,direct,"[""appeals based on the approval""]"
bza-17-23-eb9c5fba42,administrative_or_community_appeal,direct,"[""appeals shall hear and decide appeals from and review any order, requirement, decision, or determination"", ""appeals the decision""]"
bza-18-21-2fef649f8a,administrative_or_community_appeal,direct,"[""appeals shall hear and decide appeals from and review any order, requirement, decision, or determination"", ""appeals the decision""]"
bza-18-25-cb4f866709,administrative_or_community_appeal,direct,"[""appeal the decision""]"
bza-184-17-b3de95c28c,administrative_or_community_appeal,direct,"[""appeals and 61-3-231 general approval"", ""appeals the decision""]"
bza-2-20-b0139b3b1f,administrative_or_community_appeal,direct,"[""appeals shall hear and decide appeals from and review any order, requirement, decision, or determination"", ""appeals the decision""]"
bza-20-21-d70f25cae4,administrative_or_community_appeal,direct,"[""appeals shall hear and decide appeals from and review any order, requirement, decision, or determination"", ""appeals the decision""]"
bza-20-25-6131a2cc71,administrative_or_community_appeal,direct,"[""appeals of administrative decisions and 50-3-281- general approval"", ""appeals shall hear and decide appeals from and review any order, requirement, decision, or determination"", ""appeals the decision""]"
bza-21-24-b752b33f22,administrative_or_community_appeal,direct,"[""appeals shall hear and decide appeals from and review any order, requirement, decision, or determination""]"
bza-21-25-dcb8d4f773,administrative_or_community_appeal,direct,"[""appeals shall hear and decide appeals from and review any order, requirement, decision, or determination"", ""request review of bseed denial""]"
bza-22-19-e564f573b6,administrative_or_community_appeal,direct,"[""appeals shall hear and decide appeals from and review any order, requirement, decision, or determination"", ""appeals the decision""]"
bza-23-21-5de6ae3a94,administrative_or_community_appeal,direct,"[""appeals bseed’s decision"", ""appeals shall hear and decide appeals from and review any order, requirement, decision, or determination""]"
bza-26-21-b04c2ad13b,administrative_or_community_appeal,direct|inherited_case_history,"[""appeals of administrative decisions and sec. 50-3-281 general approval"", ""appeals shall hear and decide appeals from and review any order, requirement, decision, or determination"", ""appeals the decision""]"
bza-27-19-79df09a810,administrative_or_community_appeal,direct,"[""appeals the decision""]"
bza-27-23-9c40617de8,administrative_or_community_appeal,direct,"[""appeals. deficient off-street parking. ( - permitted dimensional variances and 50-4-121 approval""]"
bza-28-25-d2fb7bb161,administrative_or_community_appeal,direct,"[""appeals (bza) hearing is required. ( - permitted dimensional variances and 50-4-121 approval""]"
bza-33-21-ebd11a8b91,administrative_or_community_appeal,direct,"[""appeals building, safety, engineering and environmental department’s (bseed) decision"", ""appeals shall hear and decide appeals from and review any order, requirement, decision, or determination""]"
bza-34-24-0550ac5afc,administrative_or_community_appeal,direct,"[""appeals before a building permit can be issued. ( permitted dimensional variances and 50-4-121 approval""]"
bza-36-24-25e89f7eb8,administrative_or_community_appeal,direct,"[""appeals the decision""]"
bza-37-23-9ef40df08c,administrative_or_community_appeal,direct,"[""appeals. - permitted dimensional variances and 50-4-121 approval""]"
bza-4-20-e38716d808,administrative_or_community_appeal,direct,"[""appeals shall hear and decide appeals from and review any order, requirement, decision, or determination"", ""appeals the decision""]"
bza-4-21-25f351c9e7,administrative_or_community_appeal,direct,"[""appeals shall hear and decide appeals from and review any order, requirement, decision, or determination"", ""appeals the decision""]"
bza-4-23-9c77a16125,administrative_or_community_appeal,direct,"[""appeals 50-4-197 additional forms of relief and 50-4-121 approval"", ""appeals shall hear and decide appeals from and review any order, requirement, decision, or determination""]"
bza-41-21-988b579aea,administrative_or_community_appeal,direct,"[""appeals prior to issuance of permits. ( - permitted dimensional variances and 50-4-121 approval""]"
bza-41-23-556360fc27,administrative_or_community_appeal,direct,"[""appeals shall hear and decide appeals from and review any order, requirement, decision, or determination"", ""appeals the decision""]"
bza-43-19-df0b0c111b,administrative_or_community_appeal,direct,"[""appeals based on the approval""]"
bza-44-20-29912dcf2c,administrative_or_community_appeal,direct,"[""appeals shall hear and decide appeals from and review any order, requirement, decision, or determination"", ""appeals the decision"", ""appeals within fourteen (14) days of the date of the department’s decision""]"
bza-47-19-c50f5d7e9b,administrative_or_community_appeal,direct,"[""appeals the decision""]"
bza-48-21-6842fc0027,administrative_or_community_appeal,direct,"[""appeals shall hear and decide appeals from and review any order, requirement, decision, or determination"", ""appeals the decision""]"
bza-48-22-a38616f516,administrative_or_community_appeal,direct,"[""appeals shall hear and decide appeals from and review any order, requirement, decision, or determination"", ""appeals the decision""]"
bza-49-21-1a9cf8794a,administrative_or_community_appeal,direct,"[""appeals shall hear and decide appeals from and review any order, requirement, decision, or determination"", ""appeals the decision""]"
bza-49-22-8cce07fda5,administrative_or_community_appeal,direct,"[""appeals shall hear and decide appeals from and review any order, requirement, decision, or determination"", ""appeals the decision"", ""appeals, 50-3-281. general approval""]"
bza-51-19-16581fdd54,administrative_or_community_appeal,direct,"[""appeals shall hear and decide appeals from and review any order, requirement, decision, or determination"", ""appeals the decision""]"
bza-52-19-7051e12b93,administrative_or_community_appeal,direct,"[""appeals of administrative decisions and 61-3-231 approval"", ""appeals shall hear and decide appeals from and review any order, requirement, decision, or determination"", ""appeals the decision"", ""appeals within fourteen (14) days of the date of the department's decision""]"
bza-53-18-249a9f612c,administrative_or_community_appeal,direct,"[""appeals and requests to reverse the decision"", ""appeals of administrative decisions and 61-3-231 general approval"", ""appeals shall hear and decide appeals from and review any order, requirement, decision, or determination"", ""requests to reverse the decision""]"
bza-53-22-f89cd6be57,administrative_or_community_appeal,direct,"[""appeals prior to issuance of a building permit. ( - permitted dimensional variances and 50-4-121 approval""]"
bza-54-19-b25700d41d,administrative_or_community_appeal,direct,"[""appeals based on the approval""]"
bza-56-22-ec38b25482,administrative_or_community_appeal,direct,"[""appeals shall hear and decide appeals from and review any order, requirement, decision, or determination"", ""appeals the decision"", ""appeals, 50-3-281. general approval""]"
bza-56-23-c15a6bc544,administrative_or_community_appeal,direct,"[""appeals of administrative decisions and 50-3-171 thru 50-3-281- general approval"", ""appeals shall hear and decide appeals from and review any order, requirement, decision, or determination"", ""appeals the decision"", ""appeals the decision of the buildings safety and engineering and environmental department slu2023-00042 decision""]"
bza-56-24-ac697c2a02,administrative_or_community_appeal,direct,"[""appeals shall hear and decide appeals from and review any order, requirement, decision, or determination"", ""appeals the decision""]"
bza-57-18-3495b99b21,administrative_or_community_appeal,direct,"[""appealed because a revised bseed decision"", ""appeals the decision"", ""appeals the decision of the buildings safety engineering and environmental department's corrected decision"", ""appeals the decision of the buildings safety engineering and environmental department’s corrected decision""]"
bza-57-24-083f13055b,administrative_or_community_appeal,direct,"[""appeals shall hear and decide appeals from, and review any order, requirement, decision, or determination""]"
bza-59-21-1c38dd3618,administrative_or_community_appeal,direct,"[""appeals shall hear and decide appeals from and review any order, requirement, decision, or determination""]"
bza-6-25-1d092416b3,administrative_or_community_appeal,direct,"[""appeals shall hear and decide appeals from and review any order, requirement, decision, or determination"", ""appeals the decision""]"
bza-60-19-c1f3b6a77d,administrative_or_community_appeal,direct,"[""appeals the decision""]"
bza-62-19-80921f9b24,administrative_or_community_appeal,direct,"[""appeals shall hear and decide appeals from and review any order, requirement, decision, or determination"", ""appeals the decision""]"
bza-63-19-7f94d4aa9b,administrative_or_community_appeal,direct,"[""appeals shall hear and decide appeals from and review any order, requirement, decision, or determination"", ""appeals the decision""]"
bza-64-19-20a7b65020,administrative_or_community_appeal,direct,"[""appeals shall hear and decide appeals from and review any order, requirement, decision, or determination"", ""appeals the decision""]"
bza-64-22-591273173f,administrative_or_community_appeal,direct,"[""appealing to seek relief from regulations in this zoning ordinance on the basis that the denial"", ""appeals 50-4-197 additional forms of relief and 50-4-121 approval"", ""appeals shall hear and decide appeals from and review any order, requirement, decision, or determination""]"
bza-66-19-63716eb5c4,administrative_or_community_appeal,direct,"[""appeals shall hear and decide appeals from and review any order, requirement, decision, or determination"", ""appeals the decision""]"
bza-68-18-995664bec8,administrative_or_community_appeal,direct,"[""appeals and requests to reverse the decision"", ""appeals shall hear and decide appeals from and review any order, requirement, decision, or determination"", ""requests to reverse the decision""]"
bza-7-22-e8bc45c9d7,administrative_or_community_appeal,direct,"[""appeals shall hear and decide appeals from and review any order, requirement, decision, or determination"", ""appeals the decision""]"
bza-70-21-c405bd7cdb,administrative_or_community_appeal,direct,"[""appeals shall hear and decide appeals from and review any order, requirement, decision, or determination""]"
bza-71-22-235ad6936d,administrative_or_community_appeal,direct,"[""appeals shall hear and decide appeals from and review any order, requirement, decision, or determination"", ""appeals the decision""]"
bza-72-18-196a5b43c0,administrative_or_community_appeal,direct,"[""appeals shall hear and decide appeals from and review any order, requirement, decision, or determination"", ""appeals within fourteen (14) days of the date of the department’s decision"", ""requests to reverse the decision""]"
bza-73-19-34f97db8c8,administrative_or_community_appeal,direct,"[""appeals shall hear and decide appeals from and review any order, requirement, decision, or determination"", ""appeals the decision""]"
bza-73-21-281525e794,administrative_or_community_appeal,direct,"[""appeals shall hear and decide appeals from and review any order, requirement, decision, or determination""]"
bza-74-21-4b77c7f140,administrative_or_community_appeal,direct,"[""appeals shall hear and decide appeals from and review any order, requirement, decision, or determination""]"
bza-75-18-7d8e616722,administrative_or_community_appeal,direct,"[""appeals and requests to reverse the decision"", ""appeals shall hear and decide appeals from and review any order, requirement, decision, or determination"", ""requests to reverse the decision""]"
bza-76-18-cbc171d150,administrative_or_community_appeal,direct,"[""appeals and requests to reverse the decision"", ""appeals shall hear and decide appeals from and review any order, requirement, decision, or determination"", ""requests to reverse the decision""]"
bza-76-19-8948b8b0cf,administrative_or_community_appeal,direct,"[""appeals and requests to reverse the decision"", ""requests to reverse the decision""]"
bza-77-18-95afed9f1e,administrative_or_community_appeal,direct,"[""appeals and requests to reverse the decision"", ""appeals shall hear and decide appeals from and review any order, requirement, decision, or determination"", ""requests to reverse the decision""]"
bza-79-21-52fddd53d5,administrative_or_community_appeal,direct,"[""appeals shall hear and decide appeals from and review any order, requirement, decision, or determination""]"
bza-8-19-5feed4f6f4,administrative_or_community_appeal,direct,"[""appeals and requests to reverse the decision"", ""appeals shall hear and decide appeals from and review any order, requirement, decision, or determination"", ""requests to reverse the decision""]"
bza-8-21-6178c7b555,administrative_or_community_appeal,direct,"[""appeals shall hear and decide appeals from and review any order, requirement, decision, or determination"", ""appeals the decision""]"
bza-8-22-922c1bb173,administrative_or_community_appeal,direct,"[""appeals: per ( - permitted dimensional variances and 50-4-121 approval""]"
bza-8-24-a24c88c868,administrative_or_community_appeal,direct,"[""appeals shall hear and decide appeals from and review any order, requirement, decision, or determination"", ""appeals the decision""]"
bza-80-21-7cf4389d0b,administrative_or_community_appeal,direct,"[""appeals shall hear and decide appeals from and review any order, requirement, decision, or determination"", ""appeals the decision""]"
bza-82-21-76e3fe3dd8,administrative_or_community_appeal,direct,"[""appeals shall hear and decide appeals from and review any order, requirement, decision, or determination"", ""appeals the decision""]"
bza-9-19-4602d22e22,administrative_or_community_appeal,direct,"[""appeals the decision""]"
bza-9-24-bb584396c6,administrative_or_community_appeal,direct,"[""appeals prior to permit submission. 50-4-131 (6)- permitted dimensional variances and 50-4-121 approval""]"
bza-94-19-5002df6378,administrative_or_community_appeal,direct,"[""appeals shall hear and decide appeals from and review any order, requirement, decision, or determination"", ""appeals the decision""]"
bza-95-19-765c392d3a,administrative_or_community_appeal,direct,"[""appeals shall hear and decide appeals from and review any order, requirement, decision, or determination"", ""appeals within fourteen (14) days of the date of the department’s decision""]"
bza-96-19-4b9e83ce6d,administrative_or_community_appeal,direct,"[""appeals the decision""]"
bza-97-17-ef5e8042d9,administrative_or_community_appeal,direct,"[""appealing to seek relief from regulations in this zoning ordinance on the basis that the denial""]"
bza-98-19-99e1df0223,administrative_or_community_appeal,direct,"[""appeals based on the approval""]"
bza-bseed-slu2019-000186-e221339ca6,administrative_or_community_appeal,direct,"[""appeals the decision""]"
bza-bseed-slu2019-00063-6cba26170a,administrative_or_community_appeal,direct,"[""appeals the decision""]"
bza-bseed-slu2019-00094-community-appeal-74dfdc0253,administrative_or_community_appeal,direct,"[""appeals the decision""]"
bza-bseed-slu2019-00141-e642903056,administrative_or_community_appeal,direct,"[""appeals the decision""]"
bza-bseed-slu2020-00137-78ddfd97ee,administrative_or_community_appeal,direct,"[""appeals the decision""]"
bza-bseed-slu2021-00077-bd9c3a9d09,administrative_or_community_appeal,direct,"[""appeals the decision""]"
bza-bseed-slu2022-00038-7072ea4ca4,administrative_or_community_appeal,direct,"[""appeals the decision"", ""reversal of the decision""]"
bza-bseed-slu2022-00042-fcd0ff29b5,administrative_or_community_appeal,direct,"[""appeals the decision""]"
bza-bseed-slu2022-00181-f4fb048e7f,administrative_or_community_appeal,direct,"[""appeals the decision""]"
bza-bseed-slu2023-00014-community-appeal-8b680b85f6,administrative_or_community_appeal,direct,"[""appeals the decision""]"
bza-bseed-slu2023-00053-66b77370f6,administrative_or_community_appeal,direct,"[""appeals the decision""]"
bza-bseed-slu2023-00093-1af72b8cea,administrative_or_community_appeal,direct,"[""appeals the decision""]"
bza-bseed-slu2024-00043-35e34d484b,administrative_or_community_appeal,direct,"[""appeals the decision""]"
bza-bseed-slu2024-00062-b94c40c39e,administrative_or_community_appeal,direct,"[""appeals the decision""]"
bza-bseed-slu2024-00101-0b090eb0d2,administrative_or_community_appeal,direct,"[""appeals the decision""]"
bza-bseed-slu2024-0060-b144f712f9,administrative_or_community_appeal,direct,"[""appeals the decision""]"
bza-bseedslu2023-00014-500488c05f,administrative_or_community_appeal,direct,"[""appeals the decision""]"
bza-bseedslu2023-00014-community-appeal-f0d68c60e5,administrative_or_community_appeal,direct,"[""appeals the decision""]"
bza-bssed-slu2021-00023-spr2021-00009-cb7a323150,administrative_or_community_appeal,direct,"[""appeals the decision""]"
bza-bza-slu2024-00172-c17cdfcf89,administrative_or_community_appeal,direct,"[""appeals the decision""]"
bza-bza2025-00049-131db941ce,administrative_or_community_appeal,direct,"[""appeals of administrative decisions and 50-3-281- general approval"", ""appeals shall hear and decide appeals from and review any order, requirement, decision, or determination"", ""appeals the decision""]"
bza-slu2020-00137-2c185677d8,administrative_or_community_appeal,direct,"[""community appeal""]"
bza-slu2021-00023-547efa3864,administrative_or_community_appeal,direct,"[""appeals the decision""]"
bza-02-23-09191613e4,dimensional_relief_unspecified,route_only,[]
bza-05-21-9b7c537c06,dimensional_relief_unspecified,route_only,[]
bza-05-23-5a53c91971,dimensional_relief_unspecified,route_only,[]
bza-09-23-2b90c325ff,dimensional_relief_unspecified,route_only,[]
bza-11-21-2065af5007,dimensional_relief_unspecified,route_only,[]
bza-12-25-67c0867482,dimensional_relief_unspecified,route_only,[]
bza-15-24-43336a40f9,dimensional_relief_unspecified,route_only,[]
bza-16-21-6706391ca7,dimensional_relief_unspecified,route_only,[]
bza-16-25-aaaaa5d0aa,dimensional_relief_unspecified,route_only,[]
bza-17-20-4f7a090036,dimensional_relief_unspecified,route_only,[]
bza-17-25-97935d5a5c,dimensional_relief_unspecified,route_only,[]
bza-19-21-15219721d5,dimensional_relief_unspecified,route_only,[]
bza-22-21-a0cae37c6a,dimensional_relief_unspecified,route_only,[]
bza-22-24-5c0940c4c3,dimensional_relief_unspecified,route_only,[]
bza-23-24-52267c8cf9,dimensional_relief_unspecified,route_only,[]
bza-26-24-8498a9e0ce,dimensional_relief_unspecified,route_only,[]
bza-26-25-7703d8a4a4,dimensional_relief_unspecified,route_only,[]
bza-27-21-a56d8905f7,dimensional_relief_unspecified,route_only,[]
bza-28-19-9c30f8d441,dimensional_relief_unspecified,route_only,[]
bza-28-21-05880fccc0,dimensional_relief_unspecified,route_only,[]
bza-28-23-32856cc88a,dimensional_relief_unspecified,route_only,[]
bza-28-24-a82f3aaf57,dimensional_relief_unspecified,route_only,[]
bza-29-21-cd232a5ef8,dimensional_relief_unspecified,route_only,[]
bza-3-21-cee9bd7f02,dimensional_relief_unspecified,route_only,[]
bza-3-24-b561a47236,dimensional_relief_unspecified,route_only,[]
bza-3-25-36721a5eeb,dimensional_relief_unspecified,route_only,[]
bza-30-19-9c0b26b104,dimensional_relief_unspecified,route_only,[]
bza-30-24-94d9984635,dimensional_relief_unspecified,route_only,[]
bza-36-21-dce8b705cb,dimensional_relief_unspecified,route_only,[]
bza-37-22-b17d680e46,dimensional_relief_unspecified,route_only,[]
bza-38-22-38ba18ce36,dimensional_relief_unspecified,route_only,[]
bza-4-19-9704261508,dimensional_relief_unspecified,route_only,[]
bza-4-25-34d6c95571,dimensional_relief_unspecified,route_only,[]
bza-40-21-241d47ced9,dimensional_relief_unspecified,route_only,[]
bza-40-23-012c2b298a,dimensional_relief_unspecified,route_only,[]
bza-41-22-15dfb8ba06,dimensional_relief_unspecified,route_only,[]
bza-42-19-2143d12bd7,dimensional_relief_unspecified,route_only,[]
bza-44-24-a72911911c,dimensional_relief_unspecified,route_only,[]
bza-45-22-ac51806c35,dimensional_relief_unspecified,route_only,[]
bza-46-24-04961161fb,dimensional_relief_unspecified,route_only,[]
bza-48-19-35b257663a,dimensional_relief_unspecified,route_only,[]
bza-48-24-4a6b166e25,dimensional_relief_unspecified,route_only,[]
bza-5-19-2dc104a2e6,dimensional_relief_unspecified,route_only,[]
bza-5-20-fc09d791a0,dimensional_relief_unspecified,route_only,[]
bza-53-24-56e59115b1,dimensional_relief_unspecified,route_only,[]
bza-55-21-48ef6cb9d1,dimensional_relief_unspecified,route_only,[]
bza-56-19-d21ffb627f,dimensional_relief_unspecified,route_only,[]
bza-57-22-29d327c7bd,dimensional_relief_unspecified,route_only,[]
bza-58-19-df53c91db1,dimensional_relief_unspecified,route_only,[]
bza-6-20-21fe579224,dimensional_relief_unspecified,route_only,[]
bza-60-22-958ec66e06,dimensional_relief_unspecified,route_only,[]
bza-61-19-4e42da9805,dimensional_relief_unspecified,route_only,[]
bza-61-21-d38fa68bf4,dimensional_relief_unspecified,route_only,[]
bza-66-22-a6e0b1dc18,dimensional_relief_unspecified,route_only,[]
bza-67-19-dd6df5c915,dimensional_relief_unspecified,route_only,[]
bza-67-21-1beb30943a,dimensional_relief_unspecified,route_only,[]
bza-7-19-8a6c93d171,dimensional_relief_unspecified,route_only,[]
bza-7-20-39fc390e6c,dimensional_relief_unspecified,route_only,[]
bza-7-24-5ad1c5fa16,dimensional_relief_unspecified,route_only,[]
bza-71-19-ed59cd56e2,dimensional_relief_unspecified,route_only,[]
bza-72-19-be782cacfd,dimensional_relief_unspecified,route_only,[]
bza-75-19-9591bc33b1,dimensional_relief_unspecified,route_only,[]
bza-75-21-9044d745bd,dimensional_relief_unspecified,route_only,[]
bza-75-22-e3fe10778e,dimensional_relief_unspecified,route_only,[]
bza-77-21-46450fedf6,dimensional_relief_unspecified,route_only,[]
bza-79-24-03fe91ef07,dimensional_relief_unspecified,route_only,[]
bza-83-24-c9e72204a7,dimensional_relief_unspecified,route_only,[]
bza-85-19-b0b1323990,dimensional_relief_unspecified,route_only,[]
bza-9-20-68007fc307,dimensional_relief_unspecified,route_only,[]
bza-91-19-9b79c42287,dimensional_relief_unspecified,route_only,[]
bza-97-19-459bd7f671,dimensional_relief_unspecified,route_only,[]
bza-1-20-b402ab3506,fences_walls,direct,"[""fence proposed""]"
bza-1-21-97e069a509,floor_area_bulk,direct,"[""excessive floor area ratio""]"
bza-104-19-3f504bb48a,floor_area_bulk,direct,"[""maximum building footprint""]"
bza-23-21-67b09caf30,floor_area_bulk,direct,"[""excessive floor area ratio""]"
bza-29-23-1e6ae3ddb9,floor_area_bulk,direct,"[""excessive floor area ratio""]"
bza-33-23-9df1fa2044,floor_area_bulk,direct,"[""maximum floor area ratio""]"
bza-56-21-13962dbe62,floor_area_bulk,direct,"[""excessive floor area ratio""]"
bza-70-21-c405bd7cdb,floor_area_bulk,direct,"[""excessive building footprint""]"
bza-2-24-a52a3386d9,hardship_relief,direct,"[""hardship relief""]"
bza-4-23-9c77a16125,hardship_relief,direct,"[""hardship relief""]"
bza-40-20-36fcdb76ae,hardship_relief,direct|inherited_case_history,"[""hardship relief""]"
bza-42-21-7411c236b8,hardship_relief,direct,"[""hardship relief""]"
bza-43-24-4bc5821238,hardship_relief,direct,"[""hardship relief""]"
bza-50-24-10e21a7cea,hardship_relief,direct,"[""hardship relief""]"
bza-6-19-2b90e3b9d9,hardship_relief,direct|inherited_case_history,"[""hardship relief""]"
bza-61-18-2008f817ed,hardship_relief,direct,"[""hardship relief""]"
bza-63-24-ee881c1b59,hardship_relief,direct,"[""hardship relief""]"
bza-64-22-591273173f,hardship_relief,direct,"[""hardship relief""]"
bza-78-24-65be9f6b24,hardship_relief,direct,"[""hardship relief""]"
bza-87-19-86a1450728,hardship_relief,direct|inherited_case_history,"[""hardship relief""]"
bza-01-19-6ca8bb24fa,height,direct,"[""maximum building height""]"
bza-1-19-b17dd09224,height,direct,"[""maximum building height""]"
bza-106-19-ac2502a929,height,direct,"[""maximum building height""]"
bza-19-24-5152521f4c,height,direct,"[""excessive height"", ""maximum height""]"
bza-22-23-4eb0024be7,height,direct,"[""excessive height""]"
bza-23-21-67b09caf30,height,direct,"[""excessive height"", ""maximum height""]"
bza-24-25-67f735277c,height,direct,"[""excessive height""]"
bza-25-20-0c7c6c8bde,height,direct,"[""excessive building height"", ""height allowed"", ""maximum height""]"
bza-29-25-7515a970f7,height,direct,"[""excessive building height""]"
bza-30-21-d888c96eb5,height,direct,"[""excessive height""]"
bza-33-19-ccbe2c0b37,height,direct,"[""excessive height"", ""maximum height""]"
bza-39-24-fc8328dfcb,height,direct,"[""excessive height"", ""maximum height""]"
bza-4-24-1781607356,height,direct,"[""excessive height""]"
bza-51-22-07f10681c0,height,direct,"[""excessive height""]"
bza-65-19-ece5db0d26,height,direct,"[""excessive sign height""]"
bza-68-24-956bfd6d3d,height,direct,"[""excessive height""]"
bza-86-24-15baadd557,height,direct,"[""excessive height""]"
bza-9-22-9fe538539b,height,direct,"[""excessive height""]"
bza-18-24-b7d9862137,loading,direct,"[""deficient off-street loading""]"
bza-1-21-97e069a509,lot_coverage,direct,"[""excessive lot coverage""]"
bza-13-24-797c117868,lot_coverage,direct,"[""excessive lot coverage""]"
bza-14-25-61fbd5eb1b,lot_coverage,direct,"[""excessive lot coverage""]"
bza-20-23-dab8c7b9c0,lot_coverage,direct,"[""excessive lot coverage""]"
bza-22-23-4eb0024be7,lot_coverage,direct,"[""excessive lot coverage""]"
bza-22-25-831f730788,lot_coverage,direct,"[""excessive lot coverage""]"
bza-28-20-22cfec2a50,lot_coverage,direct,"[""excessive lot coverage"", ""maximum lot coverage""]"
bza-37-24-f961ca02ca,lot_coverage,direct,"[""maximum lot coverage""]"
bza-41-19-e5976ad285,lot_coverage,direct,"[""maximum lot coverage""]"
bza-42-22-b5f8284c87,lot_coverage,direct,"[""maximum lot coverage""]"
bza-44-21-19025a6ffc,lot_coverage,direct,"[""excessive lot coverage""]"
bza-45-21-6ac1bdcc56,lot_coverage,direct,"[""excessive lot coverage""]"
bza-46-19-c14dfe54e8,lot_coverage,direct,"[""lot coverage required""]"
bza-46-22-492c5e629d,lot_coverage,direct,"[""excessive lot coverage""]"
bza-49-19-171a94dba8,lot_coverage,direct,"[""maximum lot coverage""]"
bza-50-19-a14aec6068,lot_coverage,direct,"[""maximum lot coverage""]"
bza-50-22-e2dd6e5b59,lot_coverage,direct,"[""excessive lot coverage""]"
bza-54-24-ed802c4239,lot_coverage,direct,"[""excessive lot coverage""]"
bza-56-21-13962dbe62,lot_coverage,direct,"[""maximum lot coverage""]"
bza-57-19-8dd8e8bb14,lot_coverage,direct,"[""lot coverage allowed"", ""maximum lot coverage""]"
bza-59-22-b75dd5795b,lot_coverage,direct,"[""excessive lot coverage""]"
bza-61-22-401fb1319a,lot_coverage,direct,"[""excessive lot coverage""]"
bza-62-24-e9793916e2,lot_coverage,direct,"[""excessive lot coverage""]"
bza-63-22-01da7e63d3,lot_coverage,direct,"[""maximum lot coverage""]"
bza-70-22-983cbd4b8b,lot_coverage,direct,"[""excessive lot coverage"", ""lot coverage allowed""]"
bza-81-21-7685eb2595,lot_coverage,direct,"[""excessive lot coverage""]"
bza-84-19-5eb320fb4c,lot_coverage,direct,"[""maximum lot coverage""]"
bza-9-25-8fbe580481,lot_coverage,direct,"[""excessive lot coverage""]"
bza-bza2025-00048-3d30f83bb6,lot_coverage,direct,"[""excessive lot coverage""]"
bza-bza2026-00009-e187ef5c5d,lot_coverage,direct,"[""excessive lot coverage""]"
bza-01-19-6ca8bb24fa,lot_dimensions,direct,"[""minimum lot area"", ""minimum lot width""]"
bza-07-23-9b431ff07a,lot_dimensions,direct,"[""excessive lot width"", ""lot width proposed""]"
bza-1-19-b17dd09224,lot_dimensions,direct,"[""minimum lot area"", ""minimum lot width""]"
bza-14-25-61fbd5eb1b,lot_dimensions,direct,"[""minimum lot size""]"
bza-18-23-535a07c23f,lot_dimensions,direct,"[""deficient lot area""]"
bza-21-23-1b926e9998,lot_dimensions,direct,"[""excessive lot width""]"
bza-22-23-4eb0024be7,lot_dimensions,direct,"[""excessive lot size""]"
bza-24-19-98cd3d897f,lot_dimensions,direct,"[""lot size required""]"
bza-25-23-d87a52a78b,lot_dimensions,direct,"[""deficient lot size""]"
bza-27-24-014e8967b0,lot_dimensions,direct,"[""excessive lot width"", ""lot width proposed""]"
bza-33-24-f8b434d5ad,lot_dimensions,direct,"[""deficient lot area"", ""deficient lot width""]"
bza-34-21-04aac96c4f,lot_dimensions,direct,"[""lot area required"", ""minimum lot area""]"
bza-41-24-ea692df8b1,lot_dimensions,direct,"[""excessive lot width"", ""lot width proposed""]"
bza-43-22-cb2a611acd,lot_dimensions,direct,"[""excessive lot width""]"
bza-44-21-19025a6ffc,lot_dimensions,direct,"[""deficient lot square footage"", ""deficient lot width""]"
bza-45-21-6ac1bdcc56,lot_dimensions,direct,"[""deficient lot square footage"", ""deficient lot width""]"
bza-46-19-c14dfe54e8,lot_dimensions,direct,"[""lot width required"", ""minimum lot width""]"
bza-56-21-13962dbe62,lot_dimensions,direct,"[""deficient lot area""]"
bza-59-21-1c38dd3618,lot_dimensions,direct,"[""insufficient lot size""]"
bza-62-24-e9793916e2,lot_dimensions,direct,"[""deficient lot size"", ""deficient lot width""]"
bza-63-22-01da7e63d3,lot_dimensions,direct,"[""minimum lot size"", ""minimum lot width""]"
bza-64-24-a56bb532d6,lot_dimensions,direct,"[""excessive lot width""]"
bza-77-19-a7f510e04a,lot_dimensions,direct,"[""excessive lot size"", ""excessive lot width""]"
bza-77-24-8710bfed88,lot_dimensions,direct,"[""excessive lot width""]"
bza-82-24-c4233e3f2a,lot_dimensions,direct,"[""minimum lot area""]"
bza-86-19-fdba0c918b,lot_dimensions,direct,"[""deficient lot area""]"
bza-bseed-slu2022-00038-7072ea4ca4,lot_dimensions,direct,"[""excessive lot width""]"
bza-bza2025-00045-d453f7d2bf,lot_dimensions,direct,"[""lot area required"", ""lot width required""]"
bza-12-21-ad158761eb,multiple_buildings,direct,"[""more than one principal detached residential building""]"
bza-24-25-67f735277c,multiple_buildings,direct,"[""more than one principal detached residential building""]"
bza-4-24-1781607356,multiple_buildings,direct,"[""more than one principal detached residential building""]"
bza-5-24-129e13df5d,multiple_buildings,direct,"[""more than one principal detached residential building""]"
bza-50-22-e2dd6e5b59,multiple_buildings,direct,"[""excessive number of principal detached residential buildings""]"
bza-61-24-a638176bcc,multiple_buildings,direct,"[""more than one principal detached residential building""]"
bza-68-24-956bfd6d3d,multiple_buildings,direct,"[""more than one principal building""]"
bza-1-20-b402ab3506,nonconforming_use_or_structure,direct,"[""change of nonconforming use to other nonconforming"", ""change of one nonconforming use to another nonconforming"", ""changed to another nonconforming"", ""nonconforming use""]"
bza-10-25-d76fac624f,nonconforming_use_or_structure,direct,"[""change from one nonconforming use (bank with drive thru) to another nonconforming"", ""change of nonconforming use to other nonconforming"", ""change of one nonconforming use to another nonconforming"", ""changed to another nonconforming"", ""nonconforming use""]"
bza-102-19-118cde75ec,nonconforming_use_or_structure,direct,"[""changed to another nonconforming"", ""nonconforming use""]"
bza-11-20-6f01bb250d,nonconforming_use_or_structure,direct,"[""expansion of the nonconforming use. any increase in the area of a zoning lot where a nonconforming"", ""expansion of the nonconforming use;(2) any change to the site plan of a nonconforming"", ""expansion or intensification of a nonconforming"", ""nonconforming use""]"
bza-11-23-100fdb0043,nonconforming_use_or_structure,direct,"[""expand and intensify an existing nonconforming"", ""expansion and intensification of a nonconforming"", ""expansion or intensification of a nonconforming"", ""expansion or intensification of nonconforming"", ""nonconforming use""]"
bza-11-24-fe29e0d378,nonconforming_use_or_structure,direct,"[""expansion of nonconforming"", ""expansion of the legal existing nonconforming"", ""expansion of the nonconforming"", ""expansion or intensification of nonconforming"", ""nonconforming use""]"
bza-11-25-9414020318,nonconforming_use_or_structure,direct,"[""change from one nonconforming use to another nonconforming"", ""change of nonconforming use to other nonconforming"", ""change of one nonconforming use to another nonconforming"", ""changed to another nonconforming"", ""nonconforming use""]"
bza-12-24-a6fc69b387,nonconforming_use_or_structure,direct,"[""change of nonconforming use to other nonconforming"", ""change of one nonconforming use to another nonconforming"", ""changed to another nonconforming"", ""nonconforming use""]"
bza-13-19-d1848d1cb5,nonconforming_use_or_structure,direct,"[""change a nonconforming"", ""change of use to other nonconforming"", ""changed to another nonconforming"", ""nonconforming use""]"
bza-17-21-b8c081e0c9,nonconforming_use_or_structure,direct,"[""change from one nonconforming use to another nonconforming use. the current nonconforming"", ""change of nonconforming use to other nonconforming"", ""change of one nonconforming use to another nonconforming"", ""changed from a nonconforming"", ""changed to another nonconforming"", ""nonconforming use""]"
bza-2-19-dafba32633,nonconforming_use_or_structure,direct,"[""expansion or intensification of a nonconforming"", ""expansion or intensification of nonconforming"", ""nonconforming use""]"
bza-20-24-2cf05e2c11,nonconforming_use_or_structure,direct,"[""expand a legal nonconforming"", ""expansion of nonconforming""]"
bza-25-21-6318646cda,nonconforming_use_or_structure,direct,"[""expand an existing nonconforming"", ""expansion or intensification of a nonconforming"", ""expansion or intensification of nonconforming"", ""nonconforming use""]"
bza-28-20-22cfec2a50,nonconforming_use_or_structure,direct,"[""changed to another nonconforming"", ""expansion or intensification of nonconforming"", ""nonconforming use""]"
bza-29-19-be10fad016,nonconforming_use_or_structure,direct,"[""expansion of the nonconforming use. any increase in the area of a zoning lot where a nonconforming"", ""expansion of the nonconforming use; (2) any change to the site plan of a nonconforming"", ""expansion or intensification of a nonconforming"", ""intensification of nonconforming"", ""intensification of the nonconforming"", ""nonconforming use""]"
bza-29-20-787a86c963,nonconforming_use_or_structure,direct,"[""change a nonconforming dry cleaners to a nonconforming"", ""change from a nonconforming dry cleaners to a nonconforming"", ""change of nonconforming use to other nonconforming"", ""change of one nonconforming use to another nonconforming"", ""changed to another nonconforming"", ""nonconforming use""]"
bza-31-19-2cf7ef7116,nonconforming_use_or_structure,direct,"[""expansion of the nonconforming use. any increase in the area of a zoning lot where a nonconforming"", ""expansion of the nonconforming use; (2) any change to the site plan of a nonconforming"", ""expansion or intensification of a nonconforming"", ""intensification of the nonconforming use. (sections 61-15-16 intensification of nonconforming"", ""nonconforming use""]"
bza-32-21-04cdb9c55b,nonconforming_use_or_structure,direct,"[""change from one nonconforming use (auto repair facility) to another nonconforming"", ""change of nonconforming use to other nonconforming"", ""change of one nonconforming use to another nonconforming"", ""changed to another nonconforming"", ""nonconforming use""]"
bza-34-20-ee36e5ccb2,nonconforming_use_or_structure,direct,"[""change from one nonconforming use to another nonconforming use. the current nonconforming"", ""change of nonconforming use to other nonconforming"", ""change of one nonconforming use to another nonconforming"", ""changed to another nonconforming"", ""nonconforming use""]"
bza-35-19-a7022fa187,nonconforming_use_or_structure,direct,"[""change of nonconforming use to other nonconforming"", ""changed to another nonconforming"", ""nonconforming use""]"
bza-38-23-2b956d227e,nonconforming_use_or_structure,direct,"[""nonconforming restaurant""]"
bza-38-24-5cdec3b56e,nonconforming_use_or_structure,direct,"[""change from one nonconforming use (hotel) to another nonconforming"", ""change of nonconforming use to other nonconforming"", ""change of one nonconforming use to another nonconforming"", ""changed to another nonconforming"", ""nonconforming use""]"
bza-39-23-9f515fc65e,nonconforming_use_or_structure,direct,"[""change of nonconforming use to other nonconforming"", ""change of one nonconforming use to another nonconforming"", ""changed to another nonconforming"", ""expand a nonconforming"", ""nonconforming use""]"
bza-40-22-1bccc643ae,nonconforming_use_or_structure,direct,"[""change from one non-conforming use (carryout restaurant) to another nonconforming"", ""change to another nonconforming"", ""nonconforming use""]"
bza-49-21-1a9cf8794a,nonconforming_use_or_structure,direct,"[""expansion or intensification of nonconforming""]"
bza-53-19-966124a009,nonconforming_use_or_structure,direct,"[""nonconforming billboard""]"
bza-55-22-5f45ad09c6,nonconforming_use_or_structure,direct,"[""change from one nonconforming use (retail store w/sdm & sdd licenses) to another nonconforming"", ""change of nonconforming use to other nonconforming"", ""change of one nonconforming use to another nonconforming"", ""changed to another nonconforming"", ""nonconforming use""]"
bza-55-24-5abfd2ee33,nonconforming_use_or_structure,direct,"[""expand an existing nonconforming"", ""expansion of nonconforming"", ""expansion of the nonconforming"", ""nonconforming use""]"
bza-59-24-7f6f8d4dde,nonconforming_use_or_structure,direct,"[""expand a legal nonconforming""]"
bza-63-24-ee881c1b59,nonconforming_use_or_structure,direct,"[""re-establish a currently nonconforming""]"
bza-67-24-6a04eb879d,nonconforming_use_or_structure,direct,"[""expand existing nonconforming"", ""expansion includes any change to the site plan of a nonconforming"", ""expansion or intensification of a nonconforming"", ""nonconforming use""]"
bza-73-22-965d798f67,nonconforming_use_or_structure,direct,"[""change of nonconforming use to other nonconforming"", ""change the current nonconforming"", ""expand the restaurant, standard nonconforming"", ""nonconforming use""]"
bza-74-19-05e355c7b2,nonconforming_use_or_structure,direct,"[""change from the current legal use “vacant” (the previous legal nonconforming"", ""change of nonconforming use to other nonconforming"", ""changed to another nonconforming"", ""nonconforming use""]"
bza-76-24-6ee5d23546,nonconforming_use_or_structure,direct|inherited_case_history,"[""expand a legal nonconforming"", ""expansion of the nonconforming"", ""expansion of the nonconforming use. any increase in the area of a zoning lot where a nonconforming"", ""expansion or intensification of a nonconforming"", ""nonconforming use""]"
bza-78-18-85c69b7830,nonconforming_use_or_structure,direct,"[""change of use to other nonconforming"", ""change one nonconforming"", ""changed to another nonconforming"", ""nonconforming use""]"
bza-82-19-94ef549a4a,nonconforming_use_or_structure,direct,"[""change of nonconforming use to other nonconforming"", ""changed to another nonconforming"", ""nonconforming use""]"
bza-89-19-2ba8fd28cf,nonconforming_use_or_structure,direct|inherited_case_history,"[""change a nonconforming"", ""change of nonconforming"", ""changed to another nonconforming"", ""nonconforming marina"", ""nonconforming use""]"
bza-9-21-310ddefa62,nonconforming_use_or_structure,direct,"[""expand an existing nonconforming"", ""expansion of a nonconforming"", ""expansion or intensification of a nonconforming"", ""expansion or intensification of nonconforming"", ""nonconforming use""]"
bza-bza2026-00051-ccc5f5dbb5,nonconforming_use_or_structure,direct,"[""expand a nonconforming"", ""expansion or intensification of a nonconforming"", ""expansion or intensification of nonconforming"", ""nonconforming use""]"
bza-29-23-1e6ae3ddb9,open_recreation_space,direct,"[""deficient recreational space""]"
bza-30-23-0932bf1f77,open_recreation_space,direct,"[""deficient recreational space""]"
bza-31-23-4dc13ed6eb,open_recreation_space,direct,"[""deficient recreational space""]"
bza-32-23-5510e7b99d,open_recreation_space,direct|inherited_case_history,"[""deficient recreational space""]"
bza-34-23-b9a318fe90,open_recreation_space,direct,"[""deficient recreational space""]"
bza-35-23-80eeb47028,open_recreation_space,direct,"[""deficient recreational space""]"
bza-07-23-9b431ff07a,parking_layout,direct,"[""excessive parking lot size""]"
bza-105-19-6f26fdbf3e,parking_layout,direct,"[""maximum parking lot distance""]"
bza-21-23-1b926e9998,parking_layout,direct,"[""excessive parking lot size""]"
bza-27-24-014e8967b0,parking_layout,direct,"[""excessive parking lot size""]"
bza-29-20-787a86c963,parking_layout,direct,"[""deficient aisle width""]"
bza-30-25-701e35d3e8,parking_layout,direct,"[""excessive parking lot size""]"
bza-41-24-ea692df8b1,parking_layout,direct,"[""excessive parking lot size""]"
bza-44-22-b4c125acb3,parking_layout,direct,"[""excessive parking lot size""]"
bza-59-24-7f6f8d4dde,parking_layout,direct,"[""deficient aisle width""]"
bza-64-24-a56bb532d6,parking_layout,direct,"[""excessive parking lot size""]"
bza-77-24-8710bfed88,parking_layout,direct,"[""excessive parking lot size""]"
bza-06-21-e118eb8f66,parking_supply,direct,"[""off-street parking spaces required""]"
bza-06-22-239afc0021,parking_supply,direct,"[""deficient parking"", ""parking variance""]"
bza-08-23-aa01dd18f0,parking_supply,direct,"[""deficient parking""]"
bza-10-21-ae57d08409,parking_supply,direct,"[""deficient parking""]"
bza-10-24-4e76e64453,parking_supply,direct,"[""deficient parking""]"
bza-10-25-d76fac624f,parking_supply,direct,"[""deficient parking""]"
bza-101-19-2b70c94d41,parking_supply,direct,"[""parking variance""]"
bza-103-19-b51a4c7926,parking_supply,direct,"[""deficient parking""]"
bza-11-22-50abfc40df,parking_supply,direct,"[""deficient parking"", ""off-street parking required""]"
bza-110-19-6035ce5f01,parking_supply,direct,"[""parking variance""]"
bza-111-19-7252fe4512,parking_supply,direct,"[""parking variance""]"
bza-112-19-8bdcb1c11b,parking_supply,direct,"[""deficient off street parking"", ""parking variance""]"
bza-12-24-a6fc69b387,parking_supply,direct,"[""deficient parking""]"
bza-14-19-184cee7e49,parking_supply,direct,"[""parking variance""]"
bza-14-25-61fbd5eb1b,parking_supply,direct,"[""deficient parking""]"
bza-15-25-aa055fbabb,parking_supply,direct,"[""deficient parking"", ""off-street parking spaces required"", ""parking variance""]"
bza-17-24-ce52cb3966,parking_supply,direct,"[""deficient parking""]"
bza-18-23-535a07c23f,parking_supply,direct,"[""deficient parking""]"
bza-18-24-b7d9862137,parking_supply,direct,"[""deficient off-street parking""]"
bza-19-23-ed15514286,parking_supply,direct,"[""deficient off street parking""]"
bza-23-23-d43e4e845a,parking_supply,direct,"[""parking waiver""]"
bza-24-21-9280554649,parking_supply,direct,"[""deficient parking"", ""parking variance""]"
bza-24-23-39f2ee37b3,parking_supply,direct,"[""deficient off-street parking""]"
bza-24-24-ba03fb1f1d,parking_supply,direct,"[""deficient parking"", ""parking spaces required""]"
bza-25-24-e30fbc8699,parking_supply,direct,"[""deficient parking"", ""parking spaces required""]"
bza-27-23-9c40617de8,parking_supply,direct,"[""deficient off-street parking""]"
bza-27-25-b460cdbf7e,parking_supply,direct,"[""deficient parking""]"
bza-29-20-787a86c963,parking_supply,direct,"[""deficient parking""]"
bza-29-23-1e6ae3ddb9,parking_supply,direct,"[""deficient parking""]"
bza-29-24-6d70f0b779,parking_supply,direct,"[""parking waiver""]"
bza-3-22-cd12f2bbc2,parking_supply,direct,"[""deficient parking""]"
bza-31-21-ace9be1d9d,parking_supply,direct,"[""deficient parking""]"
bza-31-24-5f6ef1ba25,parking_supply,direct,"[""parking spaces required""]"
bza-32-24-9d20f69e4b,parking_supply,direct,"[""deficient parking"", ""parking spaces required"", ""parking variance""]"
bza-33-23-9df1fa2044,parking_supply,direct,"[""deficient parking""]"
bza-34-20-ee36e5ccb2,parking_supply,direct,"[""deficient parking"", ""parking variance""]"
bza-35-24-7b8306b2c9,parking_supply,direct,"[""deficient parking"", ""parking spaces required""]"
bza-38-19-f657c9531f,parking_supply,direct,"[""deficient off-street-parking"", ""parking variance""]"
bza-38-20-ee1ac31af4,parking_supply,direct,"[""deficient parking""]"
bza-38-24-5cdec3b56e,parking_supply,direct,"[""deficient parking""]"
bza-40-19-aae5d99948,parking_supply,direct,"[""deficient parking""]"
bza-40-22-1bccc643ae,parking_supply,direct,"[""deficient parking""]"
bza-40-24-8e2b4f04b1,parking_supply,direct,"[""deficient parking"", ""parking spaces required""]"
bza-41-21-988b579aea,parking_supply,direct,"[""parking variance""]"
bza-42-20-373295a30e,parking_supply,direct,"[""deficient parking""]"
bza-43-20-83bc71214b,parking_supply,direct,"[""deficient parking""]"
bza-5-25-489295d35a,parking_supply,direct,"[""deficient parking"", ""parking variance""]"
bza-50-22-e2dd6e5b59,parking_supply,direct,"[""deficient off-street parking""]"
bza-53-22-f89cd6be57,parking_supply,direct,"[""parking variance""]"
bza-58-22-943196124c,parking_supply,direct,"[""deficient off street parking"", ""parking spaces required""]"
bza-58-24-6532bebb8a,parking_supply,direct,"[""deficient parking""]"
bza-60-21-edd97a26a1,parking_supply,direct,"[""deficient off-street parking""]"
bza-60-24-fc667bdd68,parking_supply,direct,"[""deficient parking""]"
bza-66-24-27cac6bb0f,parking_supply,direct,"[""deficient parking""]"
bza-67-18-3e522c88c3,parking_supply,direct,"[""parking spaces required""]"
bza-7-25-6f5b94d140,parking_supply,direct,"[""parking waiver""]"
bza-78-19-9477858622,parking_supply,direct,"[""parking variance""]"
bza-80-24-eb9518e9ff,parking_supply,direct,"[""deficient parking""]"
bza-82-24-c4233e3f2a,parking_supply,direct,"[""deficient parking""]"
bza-84-24-6f5548ffcb,parking_supply,direct,"[""parking waiver""]"
bza-88-19-07e1969543,parking_supply,direct,"[""parking spaces required""]"
bza-bza2025-00044-8af9060833,parking_supply,direct,"[""deficient parking""]"
bza-1-24-938659c379,request_not_stated,not_stated,[]
bza-27-18-c8ce2a7370,request_not_stated,not_stated,[]
bza-31-22-0443674bdf,request_not_stated,not_stated,[]
bza-36-19-2ede43fee8,request_not_stated,not_stated,[]
bza-39-19-5ad28b381f,request_not_stated,not_stated,[]
bza-4-22-321d323913,request_not_stated,not_stated,[]
bza-52-23-a7b9086fdb,request_not_stated,not_stated,[]
bza-53-23-cdc298d7fd,request_not_stated,not_stated,[]
bza-54-23-6eab1a3ade,request_not_stated,not_stated,[]
bza-65-33-781a0accb3,request_not_stated,not_stated,[]
bza-70-24-782fb1ee01,request_not_stated,not_stated,[]
bza-18-24-b7d9862137,screening_landscaping,direct,"[""deficient right-of-way screening""]"
bza-25-20-0c7c6c8bde,screening_landscaping,direct,"[""deficient opacity""]"
bza-29-20-787a86c963,screening_landscaping,direct,"[""deficient residential screening"", ""deficient right of way screening""]"
bza-34-20-ee36e5ccb2,screening_landscaping,direct,"[""deficient opacity""]"
bza-42-24-3db62ad7f6,screening_landscaping,direct,"[""deficient right of way screening""]"
bza-43-20-83bc71214b,screening_landscaping,direct,"[""deficient right of way screening""]"
bza-59-24-7f6f8d4dde,screening_landscaping,direct,"[""deficient residential screening"", ""deficient right of way screening""]"
bza-74-22-7d9c062553,screening_landscaping,direct,"[""deficient residential screening""]"
bza-78-18-85c69b7830,screening_landscaping,direct,"[""landscaping required""]"
bza-1-21-97e069a509,setbacks_yards,direct,"[""deficient front yard"", ""deficient front yard setback""]"
bza-13-21-993080da6c,setbacks_yards,direct,"[""side setback required""]"
bza-13-22-b4f37988c4,setbacks_yards,direct,"[""deficient side setback"", ""side setback required""]"
bza-13-23-fa2355c165,setbacks_yards,direct,"[""deficient front yard"", ""deficient front yard setback""]"
bza-14-25-61fbd5eb1b,setbacks_yards,direct,"[""deficient front yard"", ""deficient front yard setback"", ""deficient side yard"", ""deficient side yard setback""]"
bza-20-23-dab8c7b9c0,setbacks_yards,direct,"[""deficient front yard"", ""deficient front yard setback"", ""deficient side yard""]"
bza-24-19-98cd3d897f,setbacks_yards,direct,"[""rear setback required""]"
bza-24-23-39f2ee37b3,setbacks_yards,direct,"[""deficient front setback""]"
bza-28-20-22cfec2a50,setbacks_yards,direct,"[""rear setback required""]"
bza-29-23-1e6ae3ddb9,setbacks_yards,direct,"[""deficient front yard"", ""deficient front yard setback"", ""deficient side yard"", ""deficient side yard setback""]"
bza-30-23-0932bf1f77,setbacks_yards,direct,"[""deficient front yard"", ""deficient front yard setback"", ""deficient rear setback"", ""deficient rear yard"", ""deficient rear yard setback""]"
bza-31-23-4dc13ed6eb,setbacks_yards,direct,"[""deficient front setback"", ""deficient side setback""]"
bza-32-23-5510e7b99d,setbacks_yards,direct|inherited_case_history,"[""deficient rear yard"", ""deficient rear yard setback"", ""deficient side yard"", ""deficient side yard setback""]"
bza-33-23-9df1fa2044,setbacks_yards,direct,"[""deficient front setback"", ""deficient side yard"", ""deficient side yard setback""]"
bza-34-23-b9a318fe90,setbacks_yards,direct,"[""deficient front setback""]"
bza-35-23-80eeb47028,setbacks_yards,direct,"[""deficient front yard"", ""deficient front yard setback""]"
bza-36-23-eb4390b021,setbacks_yards,direct,"[""deficient side setback"", ""deficient side yard"", ""deficient side yard setback""]"
bza-37-24-f961ca02ca,setbacks_yards,direct,"[""deficient setback"", ""deficient side setback""]"
bza-42-20-373295a30e,setbacks_yards,direct,"[""deficient front setback"", ""deficient rear setback""]"
bza-44-19-3332e2b636,setbacks_yards,direct,"[""side setback required""]"
bza-44-21-19025a6ffc,setbacks_yards,direct,"[""deficient front setback"", ""deficient rear yard"", ""deficient rear yard setback"", ""deficient side yard"", ""deficient side yard set back""]"
bza-45-21-6ac1bdcc56,setbacks_yards,direct,"[""deficient front setback"", ""deficient rear yard"", ""deficient rear yard setback"", ""deficient side yard"", ""deficient side yard set back""]"
bza-46-22-492c5e629d,setbacks_yards,direct,"[""deficient rear yard"", ""deficient rear yard setback""]"
bza-47-24-192327b733,setbacks_yards,direct,"[""rear setback deficien"", ""rear setback proposed"", ""rear setback required""]"
bza-50-22-e2dd6e5b59,setbacks_yards,direct,"[""deficient front setback"", ""deficient rear setback"", ""deficient side setback""]"
bza-52-22-dbe49059e9,setbacks_yards,direct,"[""deficient side setback"", ""side setback required""]"
bza-56-21-13962dbe62,setbacks_yards,direct,"[""deficient front setback""]"
bza-59-21-1c38dd3618,setbacks_yards,direct,"[""deficient front setback""]"
bza-59-22-b75dd5795b,setbacks_yards,direct,"[""deficient side setback""]"
bza-61-24-a638176bcc,setbacks_yards,direct,"[""deficient rear yard"", ""deficient rear yard setback""]"
bza-62-22-fb5b5b77b1,setbacks_yards,direct,"[""deficient setback""]"
bza-62-24-e9793916e2,setbacks_yards,direct,"[""deficient front setback"", ""deficient front yard"", ""deficient front yard setback""]"
bza-63-22-01da7e63d3,setbacks_yards,direct,"[""deficient side yard"", ""deficient side yard setback""]"
bza-65-24-4abb08cb2f,setbacks_yards,direct,"[""rear setback required""]"
bza-77-24-8710bfed88,setbacks_yards,direct,"[""deficient rear set back""]"
bza-82-24-c4233e3f2a,setbacks_yards,direct,"[""deficient front setback"", ""deficient rear yard"", ""deficient rear yard setback"", ""deficient side setback""]"
bza-84-19-5eb320fb4c,setbacks_yards,direct,"[""side set back required""]"
bza-86-19-fdba0c918b,setbacks_yards,direct,"[""deficient side yard"", ""deficient side yard setback""]"
bza-90-19-38e31cc945,setbacks_yards,direct,"[""deficient side yard""]"
bza-bza2025-00045-d453f7d2bf,setbacks_yards,direct,"[""deficient front setback""]"
bza-bza2025-00048-3d30f83bb6,setbacks_yards,direct,"[""deficient rear setback""]"
bza-bza2026-00009-e187ef5c5d,setbacks_yards,direct,"[""deficient side yard"", ""deficient side yard setback""]"
bza-3-20-ab5d59efc6,signs_billboards,direct,"[""advertising sign""]"
bza-34-19-e402408898,signs_billboards,direct,"[""erect an internally illuminated sign""]"
bza-37-19-b5facb6e4c,signs_billboards,direct,"[""add identification sign""]"
bza-53-19-966124a009,signs_billboards,direct,"[""nonconforming billboard"", ""replace an existing non-conforming billboard""]"
bza-65-19-ece5db0d26,signs_billboards,direct,"[""excessive sign"", ""roof sign""]"
bza-76-19-5db6a813e8,signs_billboards,direct,"[""excessive electronic message board""]"
bza-87-19-86a1450728,signs_billboards,direct|inherited_case_history,"[""erect a billboard""]"
bza-99-19-59f6443f73,signs_billboards,direct,"[""billboard""]"
bza-03-23-cdc3a2629c,use_spacing_separation,direct,"[""drug-free zone""]"
bza-06-17-1938c13e88,use_spacing_separation,direct,"[""within 1,000 radial feet""]"
bza-1-25-e8e3ff71db,use_spacing_separation,direct,"[""dimensional spacing variance""]"
bza-106-17-de942bc315,use_spacing_separation,direct,"[""drug free zone"", ""within 1000 feet""]"
bza-107-19-7c49964699,use_spacing_separation,direct,"[""drug free zone"", ""drug-free zone"", ""within 1,000 radial feet"", ""within 1000 radial feet""]"
bza-116-16-902857b7a3,use_spacing_separation,direct,"[""within 1,000 radial feet""]"
bza-116-17-28da9b4180,use_spacing_separation,direct,"[""drug free zone"", ""within 1000 feet""]"
bza-12-19-8f68a059f3,use_spacing_separation,direct,"[""within 500 radial feet""]"
bza-13-19-d1848d1cb5,use_spacing_separation,direct,"[""within 1,000 feet""]"
bza-13-25-2c39937285,use_spacing_separation,direct,"[""dimensional spacing variance"", ""spacing variance""]"
bza-14-17-07ea6a1a53,use_spacing_separation,direct,"[""within 1,000 radial feet""]"
bza-16-23-d69ef06e72,use_spacing_separation,direct,"[""drug free zone"", ""within 1,000 feet""]"
bza-16-24-5938101fbe,use_spacing_separation,direct,"[""spacing variance"", ""within 1,000 radial feet""]"
bza-20-19-f02fd63021,use_spacing_separation,direct,"[""within 1,000 radial feet""]"
bza-20-24-2cf05e2c11,use_spacing_separation,direct,"[""within 2,000 feet""]"
bza-26-17-06a09b7674,use_spacing_separation,direct|inherited_case_history,"[""within 1,000 radial feet""]"
bza-27-19-79df09a810,use_spacing_separation,direct,"[""drug free zone"", ""within 1000 radial feet""]"
bza-33-21-ebd11a8b91,use_spacing_separation,direct,"[""within 820 feet""]"
bza-36-24-25e89f7eb8,use_spacing_separation,direct,"[""drug free zone"", ""within 1000 radial feet"", ""within 750 radial feet""]"
bza-43-19-df0b0c111b,use_spacing_separation,direct,"[""variance of spacing regulation"", ""within 1,000 radial feet""]"
bza-45-24-0ac7b21e08,use_spacing_separation,direct,"[""within 1,000 radial feet""]"
bza-49-18-7931dced47,use_spacing_separation,direct,"[""within 1,000 radial feet""]"
bza-49-24-176da3f813,use_spacing_separation,direct,"[""spacing variance""]"
bza-51-19-16581fdd54,use_spacing_separation,direct,"[""drug free zone"", ""drug-free zone"", ""within 1000 radial feet""]"
bza-51-24-646801293c,use_spacing_separation,direct,"[""within 1,000 radial feet""]"
bza-55-19-0f4e1aa768,use_spacing_separation,direct,"[""spacing variance"", ""within 1,000 feet"", ""within 1000 feet""]"
bza-56-22-ec38b25482,use_spacing_separation,direct,"[""within 1000 radial feet""]"
bza-57-18-3495b99b21,use_spacing_separation,direct|inherited_case_history,"[""drug free zone"", ""within 1,000 radial feet"", ""within 1000 feet""]"
bza-60-19-c1f3b6a77d,use_spacing_separation,direct,"[""drug free zone"", ""drug-free zone""]"
bza-62-19-80921f9b24,use_spacing_separation,direct,"[""within 1,000 feet""]"
bza-63-19-7f94d4aa9b,use_spacing_separation,direct,"[""within 1,000 feet""]"
bza-68-18-995664bec8,use_spacing_separation,direct,"[""drug free zone""]"
bza-75-18-7d8e616722,use_spacing_separation,direct,"[""drug free zone""]"
bza-76-18-cbc171d150,use_spacing_separation,direct,"[""drug free zone"", ""within 950 feet""]"
bza-76-19-8948b8b0cf,use_spacing_separation,direct,"[""drug free zone"", ""drug-free zone"", ""within 950 feet""]"
bza-77-18-95afed9f1e,use_spacing_separation,direct,"[""within 759 feet""]"
bza-79-18-d186bad83f,use_spacing_separation,direct|inherited_case_history,"[""within 1,000 radial feet""]"
bza-8-19-5feed4f6f4,use_spacing_separation,direct,"[""drug free zone""]"
bza-80-17-303a06ac56,use_spacing_separation,direct,"[""within 1,000 radial feet""]"
bza-81-19-7c4a7d5065,use_spacing_separation,direct,"[""within 1000 feet""]"
bza-85-24-ae3e833dfd,use_spacing_separation,direct,"[""dimensional spacing variance""]"
bza-9-19-4602d22e22,use_spacing_separation,direct,"[""drug free zone"", ""within 1000 radial feet""]"
bza-9-24-bb584396c6,use_spacing_separation,direct,"[""spacing variance"", ""within 1,000 radial feet""]"
bza-94-17-ef14740afe,use_spacing_separation,direct,"[""within 1,000 radial feet""]"
bza-98-19-99e1df0223,use_spacing_separation,direct,"[""spacing variance"", ""within 1,000 feet""]"
